koch,
nra,
pacs,
billionaires,
wealthiest,
billionaire,
steagall,
refinance,
recklessness,
flint,
latino,
voucher,
millionaires,
inequality,
crumbling,
nafta,
pac,
undocumented,
sachs,
wealthy,
voter,
breaks,
lehman,
contraception,
gun,
wage,
racial,
racism,
progressive,
discrimination,
climate,
caucus,
bridges,
minimum,
speculation,
poverty,
investing,
guns,
investments,
policing,
incarceration,
corporations,
voting,
undermining,
cuts,
violence,
rip,
republicans,
profits,
deport,
deficit,
rebuilding,
diplomacy,
recession,
background,
rigged,
capita,
invest,
loophole,
partisan,
universal,
equal,
neighborhoods,
checks,
comprehensive,
progress,
infrastructure,
crises,
decent,
nomination,
poor,
seniors,
class,
colleges,
sellers,
majority,
coalition,
corporate,
clean,
wealth,
hedge,
democracy,
women,
economics,
workers,
deny,
coverage,
mass,
student,
economists,
low,
childhood,
loopholes,
greed,
lobby,
indicated,
proposals,
wind,
immigrants,
returns,
income,
disabled,
backs,
pentagon,
contribute,
woman,
conditions,
roads,
rebuild,
tuition,
pharmaceutical,
super,
export,
millions,
benefits,
proposal,
middle,
investment,
elections,
values,
vote,
marijuana,
cents,
incomes,
dignity,
solar,
experts,
prescription,
safety,
sad,
employment,
ceo,
college,
education,
collapse,
terms,
domestic,
enormous,
consensus,
communities,
tragedy,
public,
expanded,
assault,
auto,
candidates,
opposed,
campaign,
acknowledge,
strongly,
interests,
crisis,
negative,
shooting,
earn,
planet,
candidate,
wages,
diplomatic,
ending,
terrible,
donors,
labor,
apart,
research,
voted,
schools,
dangerous,
ban,
million,
safer,
environmental,
lowest,
opposition,
priorities,
systems,
deep,
broad,
mccain,
guarantee,
polls,
children,
partners,
benefit,
break,
families,
k,
water,
fear,
caused,
reduce,
basic,
govern,
cities,
quality,
term,
lift,
negotiated,
kid,
eliminate,
mostly,
youth,
shot,
grid,
particularly,
justice,
rights,
demand,
health,
stake,
invested,
presidential,
homes,
saddam,
living,
succeed,
outrageous,
bank,
medicare,
address,
agenda,
pay,
approach,
prevent,
improve,
harm,
politics,
sustainable,
afford,
v,
kids,
challenge,
essentially,
insurance,
action,
issues,
payer,
deeply,
depression,
view,
teachers,
closing,
represent,
economic,
americans,
finance,
center,
turning,
working,
check,
evening,
cap,
smart,
concluded,
era,
adding,
territory,
expanding,
levels,
respond,
average,
moral,
causes,
contributions,
fund,
among,
profit,
care,
colleagues,
universities,
additional,
companies,
standards,
including,
tens,
reasonable,
buy,
rising,
higher,
refused,
governor,
lead,
figure,
effective,
due,
contributors,
virtually,
challenges,
seconds,
mexicans,
political,
thirds,
paid,
everywhere,
engage,
provisions,
school,
loss,
pleased,
keeping,
fortunate,
raise,
join,
unfair,
behavior,
early,
whose,
fair,
cases,
consequences,
although,
treatment,
proposing,
supports,
somehow,
mayor,
police,
hope,
change,
together,
efforts,
addition,
without,
proposed,
inherited,
w,
fail,
buying,
congress,
nine,
nearly,
responsibility,
supported,
science,
mother,
stronger,
courage,
reform,
glass,
calling,
parents,
rhetoric,
must,
reverse,
add,
facing,
rating,
governments,
victims,
large,
impact,
effort,
concerns,
earth,
potentially,
glad,
faced,
designed,
alone,
died,
decades,
act,
citizens,
offer,
despite,
alliances,
financial,
personnel,
community,
healthcare,
region,
reality,
brought,
member,
isil,
making,
significant,
agreement,
kinds,
creating,
enough,
lost,
course,
university,
end,
regardless,
discussion,
presidents,
unfortunately,
seriously,
barriers,
security,
russian,
opportunities,
powerful,
attention,
changes,
build,
face,
behalf,
conflict,
joined,
child,
system,
disagreement,
agrees,
grade,
hundreds,
beyond,
refugee,
dead,
raised,
views,
fought,
agreements,
leave,
treat,
threatened,
share,
table,
lives,
hundred,
difficult,
modern,
executives,
industry,
overthrow,
divide,
expand,
degree,
reach,
causing,
crippling,
engaged,
governors,
systemic,
american,
fossil,
broken,
deserves,
fully,
areas,
protection,
development,
work,
really,
neighbors,
deported,
longer,
history,
months,
institutions,
cards,
works,
evidence,
raising,
cyber,
start,
led,
pocket,
worst,
commitment,
increased,
provide,
wing,
drugs,
expect,
saved,
imagine,
deserve,
almost,
saving,
criminal,
facts,
enforcement,
bet,
putting,
paying,
develop,
focused,
helped,
priority,
veterans,
daughters,
trillions,
starting,
threats,
dealers,
killer,
future,
providing,
top,
instability,
mistake,
close,
qualified,
civilian,
yet,
everybody,
organizations,
supporter,
hour,
worked,
danger,
clear,
forth,
includes,
train,
potential,
vast,
makers,
positive,
global,
iraqi,
sorts,
directly,
chaos,
treated,
goals,
introduced,
crimes,
primary,
might,
changing,
help,
determined,
possible,
maintain,
others,
spoke