illegals,
khamenei,
amnesty,
unborn,
bureaucrats,
womb,
ayatollah,
jihad,
egyptians,
caliphate,
server,
jihadists,
islam,
conception,
christians,
ahmadinejad,
obamacare,
civilization,
islamic,
socialized,
fence,
aliens,
taliban,
dictatorship,
reid,
crony,
radical,
bureaucracy,
hormuz,
christian,
gonna,
horribly,
correctness,
evil,
irs,
hostages,
founders,
harry,
hamas,
capitalism,
kerry,
enemy,
mac,
endowed,
god,
babies,
11th,
embassy,
enemies,
mandates,
guy,
kurds,
oath,
grandkids,
illegally,
quit,
socialist,
sanctuary,
happiness,
nasty,
article,
mosul,
rebels,
blessed,
qaeda,
bailouts,
entitlement,
dad,
gosh,
pages,
conservatism,
illegal,
mainstream,
purposes,
standpoint,
cuban,
ally,
audited,
patrol,
patriot,
scalia,
liberal,
constitution,
mandate,
osama,
declaration,
crushed,
founding,
hezbollah,
regulations,
missile,
creator,
media,
freedom,
reforms,
lied,
abortion,
marriage,
regards,
taxed,
fits,
schumer,
abortions,
folks,
liberty,
terror,
book,
enforce,
fifth,
missiles,
verify,
code,
religious,
borrowing,
ambassador,
guys,
administration,
enterprise,
author,
justices,
arms,
promises,
patient,
al,
red,
abiding,
commander,
weakness,
page,
vet,
comply,
smallest,
soviet,
steve,
regulation,
businessman,
regulatory,
branch,
ok,
shia,
amazing,
size,
jimmy,
knew,
hall,
tariff,
mom,
militarily,
magnet,
wife,
commanders,
loving,
doctor,
capable,
arm,
entitlements,
beating,
consulting,
uniform,
settle,
quo,
army,
books,
fannie,
artificially,
taxpayer,
sitting,
fbi,
east,
team,
capability,
spending,
terrorists,
phone,
gallon,
gotten,
begins,
stimulus,
chose,
sponsored,
cash,
torture,
bombing,
competition,
read,
reading,
documents,
earmarks,
september,
10th,
within,
conservative,
israelis,
negotiator,
navy,
moon,
epa,
hire,
bankrupt,
plane,
pain,
churches,
married,
violate,
reserve,
ideas,
man,
independence,
oxley,
allies,
town,
writing,
straits,
freddie,
property,
jeff,
pictures,
conservatives,
fourth,
taxpayers,
encourage,
broke,
honest,
power,
soldier,
practice,
concept,
watched,
brings,
launch,
nice,
destroy,
nsa,
solved,
killing,
moms,
palestinians,
gasoline,
audit,
interesting,
border,
lie,
declare,
anybody,
space,
chief,
agents,
prosperity,
lay,
delivered,
borrow,
rules,
shining,
supposed,
operation,
sacrifice,
changed,
grandfather,
recognize,
mistakes,
father,
couple,
filled,
specter,
gave,
fine,
carrier,
planes,
trial,
battle,
life,
gets,
feet,
official,
flat,
wedding,
topic,
gdp,
europe,
nuclear,
lowering,
business,
stealing,
vice,
violation,
definition,
character,
government,
regulators,
wipe,
formed,
heavy,
president,
pretty,
tied,
stolen,
recruiting,
entrepreneurs,
intellectual,
direction,
realize,
prices,
things,
ultimately,
blue,
type,
picked,
winning,
truth,
sometimes,
frustrated,
sounds,
welfare,
sex,
tougher,
covert,
fire,
smarter,
deliver,
telling,
look,
constitutional,
records,
filed,
different,
taxes,
partial,
involved,
guard,
reward,
stupid,
forget,
exact,
individual,
pull,
sudden,
whatsoever,
borders,
employer,
produce,
ronald,
proper,
trillion,
morning,
land,
wrote,
days,
spring,
managed,
bid,
necessarily,
active,
premiums,
pipeline,
follow,
control,
church,
technology,
roberts,
watching,
unconstitutional,
association,
apologize,
write,
premium,
news,
faith,
grown,
free,
differently,
boots,
sent,
monday,
cheat,
lots,
generation,
executive,
spent,
james,
dc,
answer,
general,
coming,
reagan,
patients,
title,
line,
lying,
hurting,
flexibility,
gulf,
force,
passion,
eventually,
outside,
balance,
firm,
entered,
law,
truck,
tells,
monetary,
born,
shoot,
increases,
anymore,
liberties,
fundamentally,
duty,
starts,
virtue,
syrian,
willing,
win,
enterprises,
sit,
debt,
marketplace,
rule,
horse,
picking,
written,
came,
run,
authority,
group,
principles,
capital,
negotiate,
trouble,
failed,
endorsed,
date,
happy,
incompetent,
career,
similar,
traditional,
wonder,
victory,
world,
natural,
smaller,
gang,
probably,
thought,
knows,
trust,
supply,
properly,
defeated,
hired,
closer,
pushed,
foreign,
mine,
miles,
words,
legally,
appointed,
tonight,
staff,
teach,
website,
sat,
publicly,
wanted,
base,
truly,
bomb,
brother,
founded,
tough,
service,
someone,
self,
repealed,
generations,
product,
medicine,
bankruptcy,
burden,
took,
finish,
bail,
honor,
bases,
solutions,
walls,
gives,
encouraging,
pick,
dollars,
thing,
kill,
decide,
bigger,
announced,
stopped,
employers,
spanish,
committed,
flow,
success,
excessive,
nature,
director,
store,
going,
afghan,
computer,
apple,
internet,
oh,
military,
weak,
machine,
talked,
offshore,
looks,
takes,
forced,
convince,
numbers,
refuses,
third,
purpose,
understands,
greatest,
saying,
bear,
lawyers,
driving,
becomes,
culture,
budgeting,
appoint,
atlantic,
architect,
spend,
call,
possibly,
waste,
prison,
congressmen,
ridiculous,
done,
presidency,
groups,
nobody,
proved,
hand,
mess,
obviously,
declared,
war,
fed,
story,
destruction,
conversation,
defense,
stage,
money,
sean,
sign,
direct,
notice,
company,
empire,
balancing,
game,
choose,
wonderful,
time,
speaking,
nonsense,
hiring,
federal,
seven,
keep,
twice,
attractive,
preserve,
setting,
somewhere,
mae,
olympics,
described,
letter,
describe,
around,
bought,
desperately,
complete,
avenue,
scared,
operating,
mentioned,
exists,
wants,
send,
years,
correct,
choice,
later,
stuff,
strength,
specifically,
believes,
decided,
created,
prosperous,
core,
policies,
soon,
simple,
talks,
mission,
sanctions,
straight,
repeatedly,
threat,
fiscal,
house,
veteran,
directed,
word,
accounts,
eight,
minor,
dollar,
anyone,
always,
either,
ready,
dramatically,
judges,
name,
office,
model,
prosecute,
death,
foremost,
creation,
define,
supreme,
laws,
something,
growing,
dropped,
lies,
earned,
finding,
road,
grow,
happens,
types,
talking,
peace,
corruption,
list,
laid,
grew,
perhaps,
argument,
craft,
attack,
competitive,
beautiful,
else,
bully,
allows,
determination,
project,
option,
gold,
year,
season,
used,
employees,
secure,
study,
department,
idea,
losers,
entities,
ago,
straightforward,
restore,
determine,
drive,
served,
problem,
left,
states,
right,
literally,
pass,
innovation,
retire,
earlier,
nominated,
listen,
winners,
bright,
step,
promote,
field,
14th,
hit,
charge,
following,
means,
catastrophic,
cycle,
found,
come,
liability,
greater,
private,
assets,
signed,
reason,
otherwise,
lets,
positions,
targeted,
state,
sense,
find,
source,
friends,
favor,
blame,
rise,
fixed,
day,
perfectly,
commit,
report,
billions,
relationship,
industries,
scale,
secondly,
beat,
draw,
became,
stop,
upon,
market,
vision,
target,
language,
engine,
requires,
anything,
issue,
options,
argue,
abuse,
use,
hot,
incentive,
taxation,
open,
entire,
activity,
save,
sector,
fighting,
give,
keeps,
tariffs,
card,
built,
number,
account,
bowles,
meant,
place,
faster,
consecutive,
politically,
subject,
unions,
understand,
happening,
rest,
style,
air,
leaders,
past,
total,
commission,
conduct,
medical,
order,
learn,
decision,
proven,
legitimate,
court,
compete,
feel,
signing,
welcome,
growth,
job,
deal,
drop,
payroll,
amount,
owe,
puts,
sides,
dealt,
easier,
agency,
elected,
limited,
dying,
whole,
terrific,
successful,
solid,
bernanke,
night,
home,
simply,
establish,
using,
provided,
sales,
light,
runs,
fundamental,
guess,
behind,
nasa,
listening,
convinced,
towards,
letting,
commercial,
savings,
carry,
survive,
sunni,
utterly,
better,
allowing,
panel,
according,
lobbying,
failing,
makes,
strongest,
southern,
aisle,
opening,
wait,
sovereignty,
building,
cares,
voice,
plus,
want,
modernize,
shrink,
agencies,
remove,
solve,
review,
next,
beaten,
consistently,
across,
six,
consistent,
track,
lessons,
asked,
draft,
skills,
required,
involvement,
apply,
gain,
america,
fight