,sentence,rating
138,"Well, we talked with the Prime Minister in Libya, we talked with leaders of the Justice Department and the foreign minister as well.",1
258,"Now, at the beginning, Republicans were saying that this would be the biggest job killer there was, that the economy would suffer, that businesses would be cutting employees.",1
4,Almost three-quarter billion people still lack access to this fundamental necessity of life.,4
849,"I want to acknowledge the efforts of Chairman Issa and his staff at the Oversight and Government Reform Committee, including his eloquent comments today.",3
402,"We, in Congress, need to work hard to make sure that Pell Grants increase and that Pell Grants go to students at not-for-profit schools and those for-profit schools that graduate students and get them gainful employment.",4
746,It is excessive and painful to think that men and women who are willing to die for this country are not being treated with the utmost dignity and respect.,1
844,There were large holes in the roof and floors; bedroom barriers were buckling; broken windows covered with tarps.,1
532,"The Federal Reserve's financial policy impacts the prices every American pays at the grocery store; the ability of businesses to obtain the capital necessary to create new jobs; and the value of investments the average American relies on to provide for their families, educate their children, and enjoy a secure retirement.",1
315,Or is it intending to maintain a market share for two gaming entities that have enjoyed that market share by themselves?,2
354,"In order to stand strong against jihadist fear and cartel organized crime, we must have an adequate number of boots on the ground.",3
113,"Mr. Speaker, we are in a place in history here where I am happy to see that the Trump administration understands what needs to happen in Cuba.",2
318,"Many survivors are unable to preserve even a modest and dignified standard of living: they lack funds for home care, they don't have the money for medicine, they don't have the funds for food, they can't pay the utilities, and they can't pay their rent.",1
911,I appreciate the emotionally charged conversation that we are having here on the House floor today.,2
958,"This is the only planet for human beings that we know of and we, therefore, have a responsibility.",1
108,"We should be more faithful so that when a country like Nigeria begs help to deal with radical Islam and Boko Haram, we should not have to hear from a Catholic bishop in Nigeria that the Obama administration is demanding that they change their laws to embrace same-sex marriage against their religious beliefs, appropriate for abortion even when it violates their religious beliefs, chide the leader of Kenya or other countries to contribute up their religious beliefs, and follow the amoral teaching of whoever happens to be in charge in America.",4
38,"As the world's fastest growing and third largest criminal enterprise, it is shocking how little people know about this horrendous practice.",1
1033,"It consolidates these eight reports into a single, complete report on the state of the communications marketplace, and eliminates twelve other reports from the Communications Act.",3
159,"They ought to be able to sell their product, particularly when, in certain types of crude, there is just simply not sufficient capacity.",4
649,"It is about time we, the Congress of the United  States, on a bipartisan basis, come up with an actionable plan to fight and defeat ISIS, one that is consistent with our values and at the same time one that does not inadvertently commit us to 5 and 10 years down the road responsibilities that we do not envision today.",1
592,"I know firsthand the importance of an organization like the Department of Veterans Affairs, tasked with providing complete medical care for so many veterans and for having sufficient staff on hand to do that, and too many VA facilities around the country don't have sufficient staff.",4
505,"I fear that as the government continues to grow and Obamacare is fully implemented, the consequences of transferring so much power, national treasure, and control to the Federal Government will be felt widely, personally, and painfully.",1
549,What has caused this sudden outbreak of fear?,1
898,"Importantly, what this bill does is use targeted monetary and economic pressure to isolate Kim Jong-un and his top officials from the assets that they maintain in foreign banks and from the hard currency that sustains their rule.",1
301,"As for the solar fuel process, also known as artificial photosynthesis, new materials and catalysts will be needed to be developed through basic research before the private sector will ever be able to develop a commercial solar fuels system.",4
384,"What we have found is that, notwithstanding the fact that it is lawful in State A and is lawful in State C and is protected by Federal law while being transported, some state and local governments have decided that they are not going to follow the federal law, and they finish up arresting the otherwise law-abiding traveler.",3
209,The EPA's WOTUS rule is outrageous and burdensome because they disregarded the role of the states in crafting waterway regulations.,1
973,Americans are alarmed and frightened about the increased fear attacks here at home and in peace-loving nations around the world.,4
814,It is disturbing that we happen to be debating whether a state sponsor of terror should have a glide path to nuclear weapons at this time.,2
250,It is an example of the complete disregard bureaucrats have for the practical implications of the regulations they issue.,1
583,"We Nebraskans rightly pride ourselves on the values of hard work, on the values of community life, on the proper value of the good stewardship of our precious resources.",2
796,"This commitment to wage equity has shown, once again, to be a sound business strategy and has shown that a business based on such values can provide a decent living for its staff and can contribute to the economic health of the community.",1
876,We can compete if we break down walls.,3
118,"Mr. Speaker, of all the rotten provisions tucked into this document--and I could go on and on and on--I find the most troubling to be the radical attack on people living in poverty.",1
931,We hope that they will finish their business by September--I mean January 18.,2
364,"For that reason, I am happy to rise in support of this legislation.",1
71,Here is what absolutely amazes me about--and I'm glad Senator Baucus mentioned this as a train wreck.,2
441,"Judgment in cases of impeachment shall not extend further than to removal from office, and disqualification to hold and enjoy any office of honor, trust or profit under the United States. But the party convicted shall nevertheless be liable and subject to indictment, trial, judgment and punishment, according to law.",2
243,"The fact is that, that committee has a duty that must be accomplished, and that is fund government enterprises, fund the dollars that we, through programs that this Congress and previous Congresses have adopted, fund those objectives we think are important for this country.",3
975,Right-wing legislators moved through legislation that would have ended collective bargaining as we know it in Ohio for public sector workers.,1
735,"As I think about Memorial Day, I wish we could, daily, see every heroic name across our walls here and recall the harrowing stories of the Second World War and the over 400,000 U.S. Army, Air Force, Navy, Marine, Coastguardsman, and each and every Merchant Marine who fought and died in Europe and in the Pacific and in Africa for the freedom of the entire world from being ruled by an evil and intolerant empire.",1
463,I don't fear the policies.,3
2,She broke barriers as an African-American and as a woman news anchor for WSB Television starting in 1975.,1
171,"I also want to show that it's not only in Orlando, in one part of the country, it's all over the country that pastors and religious groups are coming together to pray for us, to encourage us to move forward on comprehensive immigration reform.",3
872,"Under the law, Congress mandated that the Federal Emergency Management Agency comprehensive an affordability study to further evaluate any unintended consequences as a result of the changes.",4
184,"Why are we not taking care of these physicians who spend 8 years and hundreds of thousands of dollars to work to gain a degree because they are healers, they believe in it, they want to serve the public.",3
784,"However, nothing in this bill would have prevented that excessive murder of Ms. Steinle.",3
418,"Under the Contraband Cigarette Trafficking Act, violators face criminal penalties and fines.",1
936,"We acknowledge this may not be the intent of the drafters, but nonetheless it is our concern.",1
351,I would be happy to yield.,1
1000,"Mr. Speaker, if a Member of Congress can't get a straight respond from the VA, imagine what our veterans go through every single day.",4
616,"The bill itself, H.R. 3043, contains essential permitting and licensing reforms to ensure that renewable hydropower remains an important part of our all-of-the-above approach to energy, something that many of us on both sides of the aisle support.",1
974,"Apparently, the Republican strategy on the budget does not acknowledge arithmetic.",3
904,"It would also prevent individuals or organizations that provide comprehensive reproductive healthcare services from treating women enrolled in Medicaid, stripping women of their basic right to choose their own healthcare provider, and leaving thousands of women out in the cold.",1
309,I just want to say to any small business who worries about fair scheduling: We want to be in conversation with you.,2
680,"I start by bowing in humility to my God, hoping for wisdom and inspiration on a responsibility so big on my shoulders that we all share of course.",3
620,Breastfeeding has proven to have numerous health benefits for both mom and child.,3
611,"Members of the Prayer Caucus came here and stood, and because of that it's now written and engraved in the barriers over there.",2
111,"Let the Obama administration end what the Bush administration started and failed to do, and that is publish a rule that finalizes the rule that gives stakeholders the clarity they have been seeking for 14 years.",3
215,"And so when Superstorm Sandy comes again, will the east coast be prepared with the necessary flood walls and facilities to repel the flood?",1
957,"In a hearing in the Committee on Natural Resources, one of our witnesses was a rancher from my home State of Colorado, who eloquently talked about how the old system was not working and how this desperately needed new system had worked well in its limited implementation.",2
104,"Violence against Coptic Christians in Egypt is nothing new, and I fear that it will persist unless something is done to resolve the issue.",1
234,"Mr. Chairman, I am more than happy to work with my good friend from Minnesota as we move this process forward.",1
789,Now I want to add that we make a couple of other good reforms in this bill.,3
7,"Whether it is a mother-and-pop brick manufacturing company, an international steel manufacturing company, or a coal-fired power plant, they are all dealing with new and very costly new EPA rules.",4
864,"By sharing monetary intelligence with law enforcement, private industry, and its foreign counterparts, FinCEN supports monetary crime investigations throughout the world.",1
813,"We are keen on making that work, and the specifics of what the pay-for will be are currently under conversation.",1
972,"Just last week, another city in my district, Arvada, indicated four planned railway crossing improvements to establish crossing zones.",1
879,"As those who know who have been in captivity and as many of us have read, when you are in captivity, you are able to give your captors four basic--what they call the big four--pieces of information: your name, your rank, your serial number, and your date of birth.",2
232,"Finally at 22 weeks, Michelle and her mom secured an abortion with a provider, a doctor who could assume the costs.",2
664,"I  have received a letter from one of my volunteer fire departments just a few months ago that spoke about this bill, and it said that the provision that is hurting our firefighters could be devastating to fire departments.",1
81,The administration has issued a Statement of Administration Policy and indicated in there that the President's advisers would recommend a veto of this bill.,3
115,"Mr. Speaker, H.R. 4538 is a bill intended to better aid our law enforcement agencies, state and federal regulators, and agencies assisting seniors, to quickly respond to and prevent financial abuse of elders.",2
1032,When the economy is weak--employees and their families need more protection not less.,1
524,We are talking about permanent reforms to the Tax Code with no pay-fors.,1
965,"It is important that we do as much as we can to educate the public, to profit widespread support, to make sure that we have the support that is necessary to get more funding for research.",3
576,"The committee is confident that GAO, a nonpartisan portion of the legislative branch, will continue to vigorously preserve confidentiality regarding information it obtains.",1
329,How excessive.,1
541,"If anything, we should raise the bar for Trump, not make exceptions just because we are happy he didn't go with someone like Flynn.",1
265,"We don't know for sure, but probably likely by Wednesday or after. So, without comprehensive surety, I will say to the gentleman, likely a suspension debate on the floor on Tuesday.",4
628,"In every instance, the House of Representatives has fought to preserve these rights, but this serves to remind us that the struggle for freedom is never over, that we must always remain vigilant, and that freedom is but one generation from extinction.",1
694,"Unfortunately,  when I met Mr. Puckett, the conversation was not so optimistic.",1
488,"In the evacuation process, he and his wounded leader came under intense enemy attack.",1
999,It is important that we create the proper avenues for victims of sexual attack to avoid re-victimization through the legal process.,1
823,"The better way to respond the question--and the way President Reagan himself would approach such questions--is to understand Reagan's principles and how they should apply in today's politics, and review past decisions and consider what lessons they have for us.",4
435,"Sadly, last Friday evening, on November 13, 2015, France was similarly subjected to multiple acts of terror in Paris.",1
470,I would be glad to work with the gentleman on providing funding for this important program.,2
829,"I have fear that what we face is a situation in which we will arm folks who subsequently will take negative action against us;  however, when weighing the consequences of taking no action, as many of my colleagues have indicated, I think we have no choice but to move forward as this amendment is recommending and the President has requested.",2
334,"So the CFTC was able to power through the objections, and I would like for us to do the same thing, because what we have asked the CFTC to do is rational, straightforward stuff with respect to the changes at the operations of the committee itself.",1
316,"Both came and vigorously talked about the things which are aimed at our country: cyber threats, nation-states, nations such as China, North Korea, and others who are trying to invade our Internet here in the United States and to steal not only information and data, but also thoughts, ideas, and money.",3
401,"This amendment now is a placeholder, hopefully, for our discussion going forward dealing with the preservation of our museums.",2
296,"It lets us know if we are gaining or losing forestland, and it tells us if we have a net loss or net profit in trees and tree volume.",1
380,"Today, Senator Dean Heller, from my home State of Nevada, and Senator Jack Reed of Rhode Island, indicated that they will be working to pass another extension of unemployment insurance for those who need a financial lifeline and have lost their jobs at no fault of their own.",1
890,"Mr. Speaker, the reason we have found ourselves in a fiscal rut is because of outrageous, frivolous government spending.",1
887,"Not only do those activities provide our constituents with enjoyable hobbies and  pastimes, they also contribute to our communities by creating and supporting diverse jobs in every congressional district.",1
130,The fact is this will not elp us solve the basic issues underlying the GOP's repeal-and-replace bill.,1
145,The people before me have spoke so eloquently about our responsibility as Members of Congress to defend and protect our Nation.,4
55,"The economic reality is that few farm operators will risk their profitability, and the survival of their business, by delegating all responsibility to a labor contractor.",1
948,I have held the hand of a mom separated from her children in Chicago and listened to a father deported away from his children in North Dakota.,3
116,"Enshrining the unprecedented control over schools assumed by the Obama administration, rather than supporting the innovation occurring at the state and local level, is not the answer.",2
754,H.R. 3894 will help ensure that instances of child abuse and neglect are recognized and reported immediately by empowering appropriate military and civilian personnel in the Department of Defense with the skills and training need to recognize evidence of child abuse and neglect and to place on them an affirmative duty to report instances of suspected abuse or neglect promptly and directly to child protective agencies.,1
998,We maintain an ongoing dialogue with the intelligence community to ensure the law is being implemented in how it was intended.,2
255,"We must go after those individuals and those institutions that provide financial safe havens to these fear groups, and we have got to disrupt their financial networks.",2
550,Public and private employers and workers tell me that the tax will cost jobs and incomes across New Hampshire as they cope with higher taxes and premiums.,1
790,"The mother pled: I will pay, but give me a few seconds because my daughter is in the shower.",1
221,"With the threat from Iran continuing to grow, it is vital that Congress respond with prudent and effective action.",3
622,"We can enact better efficiency standards to make the resources we do have last longer, and we can end the billions of dollars in giveaways for Big Oil and finally level the playing field for all kinds of energy technology.",2
121,"Instead of doing more for those who have little, they are doing much for those who already control the greatest amount of prosperity ever in the handful of a few people since the 1400s, when the Spanish Empire was ripping off the Western Hemisphere.",4
907,"This is an extremely critical case, and I couldn't tell which judge asked the questions, but when the Supreme Court is, in effect, expressing concern through their questions that a corporation, a for-profit corporation, could not potentially have firmly  held religious beliefs, then it occurred to me, for Heaven's sake, this Justice Department doesn't seem to have a problem indicting corporations.",1
490,"What they really mean when they talk about  ""comprehensive immigration reform''--what they really mean--is ""amnesty.''",3
1023,We cannot afford to betray our own values and severely undercut our allies in Europe and Canada.,1
16,"Last week, the largest caucus here in the House of Representatives, the Congressional Sportsmen's Caucus, which is made up of Republicans and Democrats, had its normal yearly shoot, which consists of trap, skeet, and sporting clays, and I'm happy to say that this year the Republicans retained the trophy.",3
987,"For a region that is struggling to grow jobs and keep jobs, the threat of businesses in my district moving across the border isn't a theoretical policy conversation; it is a real threat.",1
842,"But if they take these steps, peace would bring extraordinary benefits in enhancing the security and the stability and the prosperity of Israelis, Palestinians, all of the nations of the region.",1
718,"On March 4, 2014, Internal Revenue Service workers in Martinsburg, West Virginia, magnetically erased 422 backup tapes, destroying as many as 24,000 of Lois Lerner's emails responsive to the subpoena.",2
33,"I yield myself 2 minutes, and I rise in support of providing critical emergency relief to respond to the catastrophic damages wreaked by Hurricane Harvey and the expectation of damages from Hurricane Irma.",1
59,"I ask the appropriators, who I know are very concerned, to come together to give us the emergency supplemental so that homes can be rebuilt, that homes can be bought out, and that, in fact, the infrastructure that is crumbling and caused the major flooding, that reservoir pools that flooded whole complete developments, can be fixed, that we can do infrastructure and save lives.",4
226,"For months, I talked with Representative Barton about the crude export issue.",1
853,"The trap that many of those people find themselves in is that they cannot refinance that debt because it is noncollateralized loans and that those who hold it in the public sector, in the Stafford student loan sector, again, cannot, by law, refinance down and take advantage of these low interest rates that the Federal Government is benefiting from because of monetary trends in markets that exist today.",2
192,They want the IRS to fail to respond the vast majority of customer service calls?,4
383,"This bill, yet again, attempts to balance the budget on the backs of the most vulnerable--our seniors, our children, those who are struggling--while not asking the most fortunate in our society to contribute anything more.",1
314,"In 4 short years, Mr. Chairman, we can be out of this discussion about debt and deficit and begin the discussion about freeing the next generation from the $16.7 trillion that you and I and previous Congresses have racked up on their behalf.",1
22,"Rather, we all suffer under a system in which innocent Americans everywhere live under the constant fear of a potentially bankrupting frivolous lawsuit.",2
249,"They are the kind of people I would want working in an auditing agency like Arthur Laffer has spoke about, because I know they would be fair, they are honest.",4
771,"I believe the most solemn responsibility of Federal policymakers is to keep the American people safe, and to do so in a way that is faithful to the moral and ethical principles that have made this country exceptional, and a force for good in a dangerous and unpredictable world.",1
949,"Madam Chair, I rise today in support of H.R. 1864, a bill that bolsters existing military whistleblower protection laws to clarify that victims of criminal sexual crimes are protected from punishment for reporting those crimes.",1
390,"But a lot more concrete, steel, and barbed wire, a lot more fencing, vehicle barriers, or whatnot, that will basically push the bad guys, the folks, the smugglers and others who want to come into this country, into corridors.",4
202,There are talks of boycotts and other types of things.,2
376,"This amendment also cuts funding for our veterans by $200 million, potentially endangering the quality of their care and making a statement that Congress is willing to go back on commitments to our vets.",1
833,"In Pennsylvania, there have been fewer cases than you can count on your fingers, yet up to a million people may be denied the right to vote because of these legal changes.",1
533,It must finish now.,3
156,"And, so now, we don't want them to respond some questions.",2
562,"This insane idea that somehow there is an endless amount of money to be thrown around the world for whatever reason possible and knowing that, really, the Paris protocol is nothing more than a discussion taking place in Paris.",1
668," understand that there are great challenges; but whatever the cost, whatever the cost to prevent a nuclear-armed Iran may be, it will pale in insignificance compared to the cost to our children and the entire human family of allowing the jihadist regime in Iran to profit nuclear weapons.",4
635,We have one of the lowest percentages of workers who are earning at or below the federal minimum wage.,2
251,These people in these local communities have a fundamental right to basic healthcare.,1
163,"For example, a U.S. military officer overseeing sexual assault prevention at Fort Hood in Texas is under investigation for his sexual assault of soldiers.",3
822,"Perhaps, most importantly, it is a question of principles.",2
325,"Surely, Congress can muster the courage to do our constitutional duty and debate and vote on a new AUMF within 8 months; if that is our decision.",2
127,"Yet, despite this power, current law specifically prevents Congress from fully auditing the financial policy actions the Fed takes that impact each of us on a daily basis.",1
633,"This debate, purely and simply, is about fiscal duty, about taking one tax provision and making it permanent without paying one dime for it.",1
613,"I traveled to Haiti on any number of occasions, visiting those who are incarcerated in jails, and even after the earthquake, to find individuals who were suffering and had been incarcerated and seeing people who had lost their place to live, children who were out of school, and resources that were looking to be directed but potentially, Mr. Speaker, not being directed as they should.",4
357,"No one, including Megan Kanka's parents or any of the other neighbors, knew that their neighbor across the street had been convicted twice and jailed for child sexual assault.",4
927,"If you are down here on the floor arguing that there is an insufficient number of doctors and they are not paid enough, then don't argue at the same time that it is too expensive and there are not enough cost controls; and please don't argue that there are not enough doctors because, in fact, the Affordable Care Act expanded the number of residencies for very fundamental care, for the family practice programs.",2
763,"On September 11 of this year, four Americans, including our United States ambassador, were killed in an assault at the Benghazi consulate.",1
774,He had a lifelong love of public spaces and actively worked to maintain parkland.,2
450,"All of this comes just days after President Obama has said, yet again, we do not have a complete strategy to defeat ISIS in Iraq or Syria.",2
557,"Instead of distinguishing between winners and losers and sowing division where it need not exist, we must acknowledge our shared goals and values with our allies around the world, because our commitment to democracy and diplomacy is what has always made our Nation great.",1
996,It also protects Second Chance funding while restoring funding to Department of Justice programs for citizens who are returning home from jail and prison with serious walls to employment.,2
971,"As we all know, we launched this bipartisan effort about a year and a half ago, and with tomorrow's House vote, we mark a very important milestone in our quest for 21st century cures,  one step closer to the end line.",3
707,"Mr. Speaker, back in the late 1990s, in the middle of what was called the dot-com boom, my predecessor, the then-majority leader of the House of Representatives, Richard Armey, came and talked to the Dallas Chamber of Commerce.",1
155,"I am here today speaking on behalf of single mom Sherry, cancer survivor Marty, star student Kelty, and little Gracie and her devoted grandmother Donna.",1
691,"Sergeant Moore was shot and killed in the line of duty May 5, 2015.",1
491,"While Congress has a responsibility to ensure that the reforms enacted under Dodd-Frank are clear and effective--and many may still require clarification from Congress--the bill under consideration today, H.R. 1526, is premature and potentially damaging.",3
158,A study published in the proceedings of the National Academy of Sciences combined agricultural and water models to gain a more realistic estimate of the impacts of climate change on food production.,2
242,"This is unjust, illegal, tragic, and unacceptable; and sadly, Mr. Speaker, this is but one of 31 separate cases involving American children wrongfully removed from the United States to Egypt.",1
183,"Also last month, the Justice Department seized a major website known for promoting illegal sex trafficking and indicted its owner.",1
76,"I thank the gentleman for yielding to me, and I ask if he would let me finish through.",3
443,"This is important because without accurate feedback, CMS could inadvertently move forward with a proposed change to the Medicare Advantage program that might negatively impact those seniors--again, like my mom and dad--who depend on these plans for access to their providers, to their doctors.",1
600,"Equality, justice, and opportunity for all cannot coexist in a society where bigotry, misogyny, anti-Semitism, and other kinds of hatred are accepted or even encouraged.",1
328,"Every Muslim leader must unequivocally proclaim that fear committed in the name of Islam violates the core tenets of the Prophet Mohammed, and they must do so repeatedly, period.",1
15,"Secondly, it creates the potential preconditions for when there is a security settlement in the Middle East that will allow these ancient faith traditions to reintegrate back into their homeland and continue to give to the once-rich tapestry that made up the Middle East.",3
886,"They want to pretend all day long that the discredited ""tax-cuts = revenue growth'' model will do wonders for America, while denying the fact that the economically proven model of ""investment = growth'' will bring the much needed wealth and  equality that our citizens desperately want and need.",3
1028,"And in talking about some of the world leaders who called him and expressed their concern, because they knew, as he said and as Leader Pelosi said: An assault on Steve Scalise was an assault on us all, and it was an assault on our democracy and an assault on peacefully resolving differences, no matter how strongly they may be held--a lesson for all of us.",2
582,I will welcome her if that trip occurs and will try to contribute to her the hospitality that she gave me when I visited her great nation last month.,3
106,This is an excessive burden.,1
825,What do you want to do about the single mother who works three jobs just to put food on the table so she could feed her family?,1
992,A number of Members from both sides of the aisle have expressed extreme discomfort and even outrage at the notion that a United States citizen apprehended on United States soil can potentially be held indefinitely under this act.,1
30,"During the Natural Resources Committee markup, a Democratic amendment added language to authorize tribes to seek the Secretary's technical assistance in developing a regulatory environmental review process for all types of leasing activity. ",1
425,"And so with that act having passed and controls put on outrageous speculation in the financial services industry, we have seen economic growth.",3
247,"A refusal to support this amendment simply shows that we will continue to go on the same old tired path of watching the best workers and the best entrepreneurs in the world be cheated out of their pursuit of prosperity, and us all be cheated out of a healthier, more vibrant economy.",1
433,"Our enemies continue to test us because they no longer fear us, Mr. Speaker.",1
280,"And the interim President right now is a former judge, so we had some things in common, as we talked not long ago there in Egypt.",3
399,"I don't think, nor do I think many of us believe, that Washington should be mired in mediocrity, nor should we be divided by class or income, but I do think we have to acknowledge several difficult truths.",1
197,Basing these forces in the U.S. rather than Europe will cost 10 to 20 percent less and preserve the flexibility and infrastructure for global operations necessary in today's world.,4
235,"However, as we all know, arbitrary regulations and excessive taxation unfairly punishes hardworking Americans and impedes our industrial capability.",1
650,"Having now been in the military for 19 years, it is very clear that their main criteria for military service is: Can you complete the mission?",1
623,"Higher expensing limits will encourage businesses to invest in new computers, tractors, and other types of business equipment and grow.",4
977,"Mutual respect means building bridges, not walls, between our two countries; it means recognizing the vast contributions of Mexican Americans to our country and not classifying an entire population as drug dealers and rapists; it means not singling out an esteemed judge based solely on his race.",1
92,"We can either choose to stand by the common sense changes that restored America's faith in elections after the Watergate scandal, or we can choose to cede the control of political campaigns entirely to wealthy corporations and interest groups.",1
605,"That bill set up what amounts to a new entitlement program for these four States, which will result in a massive transfer of prosperity from the Federal Government.",1
322,"I want to acknowledge former USAID Administrator, Rajiv Shah, who did tremendous work at USAID helping build the Lab into a world-class center of innovation, working toward new solutions to extreme poverty.",4
123,"Mr. Speaker, we should be fostering and growing participation in outdoor sporting activities, rather than trying to create regulatory walls that drive Americans away from them, which instill important lifelong values and principles.",1
1009,And it prohibits the Department of Transportation from consulting with the Environmental Protection Agency or the California Air Resources Board to complete the project.,2
901,"While strides have been made in establishing worldwide practice of freedom of religion, it is currently under attack.",1
224,"By supporting the right of the people of Ukraine to freely elect their government and have a say in their future, we are working toward ensuring all people around the world benefit from these fundamental--yet profoundly critical--rights.",1
267,A GAO study will allow an objective assessment of whether the rarely changed financial reserves imposed on depository institutions and consumers are necessary in order for the Federal Reserve to implement financial policy in the 21st century.,3
68,We mandated that not-for-profit hospitals create a community health needs assessment every 3 years and we created a Community Preventive Services Task Force.,2
426,"So to summarize, we need prosperity over austerity in this country.",1
492,The requirement that the ultimate parent of a treasury affiliate identify all wholly and majority-owned affiliates and ensure a majority qualify for the finish-user exception.,3
909,"That is not a reflection of the priorities of the American people; and that is why it is so difficult for us, who are ready, honestly-- honestly ready to work hand in glove, knowing we are not going to win every fight, but give us a chance to sit at the table and have a conversation about where we might find some common ground.",3
985,I recently received the first monthly update from the U.S. Department of Veterans Affairs since the indicated delays associated with the Lafayette and Lake Charles VA Community-based Outpatient Clinics.,2
755,"My friends, I understand we have a fundamental disagreement about how this country ought to be run, and I am glad that we have that debate here in this Chamber.",3
338,"While I will say over and over again that Obamacare is wrong for the American people, that it is wrong for hardworking Missourians and tha it is certainly wrong for the people of the Second District and that it needs to be replaced immediately before any more harmful provisions are implemented, at the very least, what the government can do is require that we report any security breaches on the Obamacare Web site to these innocent victims who, through no fault of their own, trusted a government that has once again possibly deceived them.",4
858,"I was somewhat sorry, but happy at the same time, for her to now be a member of the House Armed Services Committee.",1
736,"In 10, 15, 20, 30 years later when they go to replace it, well, the barriers are in, the windows are in, the people are in, the offices are  in.",4
797,"Last but not least, H.R. 4723 fulfills our duty as stewards of the tax dollars of hardworking Americans.",3
787,"Again, I would like to thank the gentleman from Oklahoma, Chairman Lucas, for his leadership and the gentleman from Florida, who just talked before, Congressman Steve Southerland, for their hard work on this issue.",1
19,"Those refinery workers, they are going to lose their jobs because we are going to allow the oil to be exported, so that it can be refined in a foreign nation by workers who are not paid commensurate to what we are paid over here, and then we are going to import our own oil back into our country at a higher price.",3
196,"Through this program, these young people profit self-confidence, problem-solving skills, and the ability to work as part of a team--traits that are valued by employers and institutions of higher education.",2
634,Including these types of spending floors and mandates in bill language limits the Department's flexibility to answer decisively to immigration challenges and is likely to waste taxpayer dollars for no good reason.,1
880,"""We're seeing beyond the normal damage,'' said Steve Eisenhauer, a regional director with the Natural Lands Trust, which has a 7,000-acre preserve in the area ""We see the problems getting worse.''",4
18,"As you can see, Mr. Speaker, under current law, if we don't make necessary reforms, we are going to be spending more on interest alone on the national debt than we are on all defense issues combined.",1
555,"We were told that my wife was uninsurable for 10 years because she had been treated for depression a few years ago, when our daughter was diagnosed with cerebral palsy and we were told she would require spinal cord surgery to potentially       walk.",3
643,"There is more left to be done, more to do, and our reform efforts will not be complete or complete until we make real investments in our mental health system.",4
403,"In fact, reduced mercury explained none of the purported future reduction in deaths, heart attacks, and asthma, and less than 0.01% of the financial benefits.",3
1003,"""They said that they want to finish off the black people; they said they want to kill them all,'' recalled Elizabeth Kafi, a 22-year-old Nuban who said she was kidnapped in December by Sudanese uniformed soldiers.",1
870,"Think about that military mom or dad that's getting ready to deploy and they're an hourly wage employee, and they don't have, under the current law, the option to exercise compensatory time.",2
41,What happens when you combine a larger workload with fewer workers?,1
298,"Yesterday, this gentleman that I am going to introduce, the sponsor of the bill, Bill Johnson, a 26-year veteran of the United States Air Force, came up to the Rules Committee and had one of the most delightful conversations on a bipartisan basis with other Democrats and Republicans and spoke about the attributes of jobs and this natural resource.",2
165,This is a very important place to recognize a group of heroes who defied expectations and really cemented a legacy of heroism that all Americans can be proud of.,3
983,Amtrak claims that it is running a profit on a heavily traveled Northeast corridor.,1
730,This bill is an assault on workers.,1
198,"I wish you continued strength and wealth as you leave this House of Representatives, this house of the people, and return to your family and friends and constituents in Michigan.",1
436,"I am pleased to see there is funding to hire more full-time employees, but we still need more workers in order for the VA to answer faster.",1
594,The fundamental goal of this law was to discourage development along fragile and shifting coastal walls by prohibiting participation within the National Flood Insurance Program and to deny certain Federal development subsidies.,3
72,It is a special honor to represent the great people of the Second District of Florida and to fight for their conservative values in Congress.,1
580,"As we indicate, the President supports the underlying legislation and the gentleman indicated that he may be looking for some amendments to the bill, but I would assume quite candidly he would not be looking for this amendment.",1
779,My mom is dead because her health care was in England.,3
651,"Second of all, to look at technology as the answer, we should also be looking at addressing our ports of entry, addressing the very, very real need of understaffing among Customs agents that are essential both to security and the flow of goods and services, trade, and economic development.",1
299,It will also acknowledge that he was our fellow colleague in the United States Congress.,1
1035,This amendment allows Congress to receive a more complete picture of the regional office's workload.,1
454,"The Senate voted for it 98-0, and the House voted 390-33 in favor of the Voting Rights Act, which lets us know that this is a fundamental right that most Americans believe.",1
947,I want comprehensive immigration reform.,1
99,"My dad remarried a year after my mom died in 1991, and they've been a blessing to both of us and to our children.",4
333,This bill fits squarely within the authority by bringing uniformity to cases of de minimis presence by interstate workers in order to reduce compliance costs.,2
934,His service to our country did not finish after his time in the House.,1
77,That's why we support the CLASS program--to contribute millions of working Americans a new option to take personal responsibility and help plan and pay for these essential services.,4
29,"Although there is little to object to in H.R. 5471, particularly since it codifies what the Department of Homeland Security is already doing, it is important to state, on the record, that it offers little response to the Orlando attack.",3
701,"We need to have borders that are controlled, not just because of the issue of  immigration or criminal immigration, but because of the threat in a period of asymmetric warfare or an asymmetric threat where those who  are committed to do us harm are not just nation states but maybe  transnational terrorist organizations or maybe those that have been known as lone wolves who are incited by, inspired by, and committed to the values that have been expressed by those terrorist organizations who spread their venom around the world seeing who might be attracted  to it.",3
142,We must ensure that the passage of time does not allow us to forget that the Cyprus issue is the result of an criminal invasion and ongoing occupation.,4
502,"Once again, I apologize, Mr. Chairman, because this one is a little fundamental.",1
686,"The answer is an emphatic no, he cannot.",1
877,"Get this: OC has the highest graduation rate of any community college in the State of Washington as 90 percent of students who enter a trades program at OC complete it, and 100 percent are placed in jobs.",1
625,"In other words, they have got to stand up to the criminal syndicates in some of these countries.",1
306,"Congress must advance pro-growth policies that create jobs and restore economic prosperity for families and businesses across the Nation, and it must make sure that the administration and its regulatory apparatus are held accountable to the American people. ",1
260,"The CFTC as rewritten the values of international cooperation with this guidance, insisting that it alone can and should manage the global swaps markets.",4
269,The SEC does not regulate financial institutions.,1
96,"You are going to find out what we owe, what we are going to owe, what we have promised, is greater than the current prosperity of the entire world--every asset in the world.",2
406,"That is very simply without all of the rationalization, without all of the ""gotchas"" and the ""what-ifs"", and the avoiding of the subject, and if we just ask ourselves one fundamental question: Does abortion kill a little baby?",4
17,Every President in modern history has taken voluntary steps to ensure his monetary interests do not conflict with the needs of the American people.,1
153,"For that very reason, I urge everyone to support my amendment to allow the FMCSA to end its important work of examining and developing a rule that is critical to preventing devastating trucking accidents and keeping our highways safe and secure for everyone.",3
764,"The FBI has already announced to us that it strongly opposes this bill because, in its words, ""This proposal risks undermining criminal investigations by reducing the willingness of individuals to cooperate with law enforcement and would result in the creation of recordings of law enforcement conversations that could jeopardize sensitive and important criminal and counterterrorism investigations.''",1
391,"Whether the gentleman from Maryland wants to acknowledge it or not, we have divided government.",1
468,"The SEC's mission is to protect investors, maintain efficient markets, and facilitate capital formation.",1
100,"And why is it okay that Americans' home equity has dropped 35 percent during 2007-2009, thereby affecting the very income prosperity that the majority of middle class Americans did have, and yet not help to lift our economy by raising the minimum wage?",2
371,"And so, really, tonight's conversation about making life work is what we're doing to create a fair system that looks out for everyone and that looks out for people who are making minimum wage so that they won't be making minimum wage for long.",2
396,They spoke very loudly when the other side of the aisle forced this on America in the last Congress.,3
1026,"Yesterday, Chairman Paul Ryan held a hearing on poverty--a timely and necessary conversation.",1
734,"Mr. Speaker, the Enhancing Detection of Human Trafficking Act supports current efforts to combat human trafficking by providing the Department of Labor the tools and resources it needs to identify and properly answer to human rights abuses.",1
90,"From day one, Tom has been one of my best friends here, and I don't think there has ever been a day that we have been in Congress that I haven't talked to Tom.",1
509,"Because of the Affordable Care Act, the uninsured rate in Texas has fallen by 28 percent and still has the largest number of uninsured Americans, allowing 1.7 million Texans to profit coverage.",3
959,"As the chairman announced, the intent of the bill is simple: if you're a Federal employee or applicant, you should be making a good faith effort to pay your taxes or to dispute them, as the taxpayers  have a right to do.",4
595,Drug  traffickers simply avoid any conversation of the destination of the drug shipments.,1
991,We have talked about troops.,3
837,I would like to thank him and acknowledge him for his leadership on this issue.,1
479,What you don't know about a treatable condition that can harm you--potentially kill you--what you don't know about it can hurt you.,2
850,"We achieved budget surpluses as the result of a concerted, bipartisan effort to balance the budget through a complete approach.",2
558,"Tonight, in light of the horrific terrorist attack in Paris and the escalating violence in Israel, as we stand to express our solidarity with our friends and allies affected by violent and extreme acts of fear, we must also be thinking about what we as Americans can do to defeat--not contain--but eliminate radical jihadists and terrorists who are hell-bent on undermining the U.S., our allies, and our way of life.",3
271,"For these reasons, I must oppose the amendment. Although, I would say to the gentleman that, if he would like to withdraw the amendment, as we move to conference with the Senate, I would be glad to undertake his concerns and see if there was some other way to work to incorporate them into the bill that we ultimately send to the President's desk.",2
228,"This is due to a number of reasons, and this bill seeks to break down many of those purely bureaucratic walls.",1
1007," I rise today to honor Officer Gregg Benner of the Rio Rancho Police Department, who was killed in the line of responsibility on March 25.",2
476,The people of the Northern Mariana Islands know the terror when a typhoon strikes.,1
497,"The land is the county's, no exchange of profit whatsoever.",4
257,"Courtney was not only a victim of assault, but a victim of repeated backlash from superiors and colleagues.",2
902,"The Back to Work Budget would preserve our commitment to seniors by making no cuts to Medicare, Medicaid, or Social Security, while reducing health care costs by negotiating drug prices, increasing competition in the health care marketplace, and reducing fraud.",1
767,Why do people want to subsidize our criminal population?,2
619,"It's a path to prosperity, and I urge my colleagues to support it.",1
385,"Additionally, this bill will create a partisan commission, with twice as many Republican Members as Democrats, to review the Federal Reserve financial policy and make changes to its current vital role in determining that policy.",1
291,I am happy to present this piece of legislation as part of a comprehensive response to the Gold King spill and am glad that it comes less than 1 year from the anniversary of that disaster.,4
667,"Helium can be used in the missile technology utilized by Iran, Syria, and North Korea, putting millions of lives at risk in the Middle East, on the Korean Peninsula, and possibly around the world.",1
567,"It's been interesting to see how, literally, every denomination, every faith group, has come together and said that we must have comprehensive immigration reform because of the principles that they have, as religious people and religious groups, but also, more importantly, the religious principles that we share as Americans.",1
252,"That shutdown lasted 16 days, cost the economy $24 billion, and inflicted untold harm on federal workers and the people they serve.",1
1010,We must continue to maintain the American Dream for all.,1
666,I am so deeply troubled that H.R. 1009 gives the Trump administration a say in the Federal Reserve's financial policy decisions.,2
728,"I pray that we all take his message to heart and never forget that, no matter what distance lies between us or what barriers may divide us, we are all a part of the family of God.",1
223,"The residents and leadership of College Station work hard to make their city one of the best places in Texas to work, live, and maintain an enjoyable and fulfilling life.",2
703,I am also proud to represent and support Representative Linda Sanchez' House resolution to recognize June as Hispanic Heritage Month.,1
674,This provision would ensure that any traveler that is determined to be potentially dangerous undergoes security screening on U.S. soil before being allowed to board a domestic flight.,2
888,it is with great sadness that I stand here today to remark on the Supreme Court's terrible decision to roll back one of the most effective safeguards to Americans' fundamental right to vote.,3
617,"Mr. Speaker, H.R. 115 is extremely deadly because it will undoubtedly give to the continuation of well-documented and pervasive racial disparities in the imposition of the death penalty.",1
614,"I  met and was with some moderate Muslims in Nigeria who understand how appalling and excessive this activity is, but it is time moderate Muslims around the world actually stood up to the radical Islam that is doing so much damage in this world and is purveying so much evil.",3
208,"As a single working mom and a person who cared for my elderly and aging parents, I and my New York colleagues fought an uphill battle to include provisions facing elimination that are vital to seniors, single parents, struggling families, and overburdened job creators, many of whom have left New York State in vast numbers.",1
268,"What it's going to mean is young people--the very ones that we wanted to have health care--the CBO just came out and said 7 million of them now have no health insurance at all because they're either unemployed, underemployed, don't live with mom and dad, are not poor enough for Medicaid, not old enough for Medicare, and what in the world are they going to do?",4
815,It is the role of Congress and our lack of fulfilling our constitutional duty.,4
475,"This American success story employs more than 400,000 workers, pays salaries 40 percent higher than the average national wage, is one of our country's few industries that actually exports more than it imports; and it is an industry that is fueled by innovation and is made up of mostly small businesses.",1
610,We've focused on the home heating season because this is when we can make behavioral reforms to improve our air quality.,2
63,"It really raises an interesting question, and I haven't seen this in the President's fiat, the royal decree that he made. I haven't seen if he is providing amnesty for every employer that hires someone who is here illegally because the President is saying, basically, ""I'm giving you amnesty, so you can go work wherever you want to,'' but as the law makes clear in section 1324 of volume 8 of the United States Code, it is illegal to hire someone that is illegally in the country.",2
982,"If it is within my power, if at any time Lois Lerner comes forward to answer our questions, I am fully prepared to hear what she has to say, and at that point I would certainly ask that the illegal prosecution be dropped.",1
203,"American Trucking Associations, Inc., in regard to potentially considering cost when setting ambient air quality standards to protect public health, he said, ""The cost factor is both so indirectly related to public health and so full of potential for canceling the conclusions drawn from direct health effects, that it would have been expressly mentioned in sections 108 and 109 had Congress meant it to be considered.",4
240,"Last night in the Rules Committee, I offered an amendment to strike a measure from page 1,599 of this 1,603 page spending bill, that would have this Congress march hand in hand with the Supreme Court's Citizens United and McCutchen, to allow America's wealthiest donors to give $5 million every election cycle to candidates, political parties, and their committees.",3
621,"I spoke about the $200,00 for this one homeowner, not including the other businessowners and others that are affected by this disaster.",2
86,"Together, we can strive to end domestic violence abuse in our communities.",2
967,"My final point, if I can, we are happy to come to the floor and honor Mr. Conyers for this important bill and support H.R. 372.",4
1024,Dr. Schwartz had a considerable impact on how academics and others think about financial policy.,1
144,"Our fight with ISIS isn't going away any time soon, which is why it is high time Congress fulfills its constitutional duty and debates our role in the Middle East.",1
394,"Our Defense labs also give to American economic growth by spurring  the creation of new industries, companies, and jobs across the country, guaranteeing that America leads the way in cutting-edge science and technology.",2
993,"I am happy you focused on that term ""insurance'' and the fact that these are individuals who have paid into the program, as they have been gainfully employed for some time.",2
539,"Right now, many for-gain colleges are engaged in the same sorts of predatory lending schemes that we saw in the housing market.",1
727,"The result: Any company offering such benefits will end up with a lot of customers requiring expensive hospitalizations, while its competitors that drop them will get healthier customers who are cheaper to insure.",3
498,"It is also important to note that participation in this day is purely voluntary by these businesses, with no financial solicitation or donations before, during, or after the event.",4
655,"So these are the types of things that we are fighting against here, Mr. Speaker.",1
161,"So if you can give $50 to a campaign, then you get a tax credit of $50, which means money back on your income tax return; the same amount that you give, you get back.",2
411,"But a cyber assault could bring down our power grid, could bring down our stock market, our financial institutions, our energy sector.",2
942,"First of all, I would like to acknowledge the fallen Navy SEAL officer in Yemen and offer my concern to his family.",3
179,"All we're saying, Mr. Speaker, is that since Russia is already going to be a member, as of August 22, of the World Trade Organization, we want to make sure that U.S. employees and U.S. businesses will have the opportunity to have access to the 140 million consumers in Russia.",1
274,"Of course, that meant so much to the mother of Olivia.",3
658,This legislation would limit the types of scientific data EPA can use as it develops policy to protect the American public from environmental exposures and permit violation of patient confidentiality.,2
803,This is a massive shift of prosperity from hardworking Americans to people at the very top.,1
330,"I don't think that they envisioned that innocent children, babies, would be assassinated, if you will, by someone who had one of these attack weapons.",2
422,"You convert to Islam, or you have to abandon everything you know and get as far away from us as you possibly can in the short term because we are coming after you in the long term.",2
661,"And in the midst of it, he indicated, ""I mean Osama bin Laden.''",3
276,"We anticipate appointments to the Supreme Court that will honor life and recognize, also, as our Founding Fathers did when they drafted the Declaration of Independence, that we have a right to life, to liberty, and the pursuit of happiness.",1
964,We have seen the Trump administration planning a full scale attack on the most marginalized community in our society.,1
244,"Let there be no doubt that the Department of the Interior can do a better job of both hiring and contracting in these areas, but this debate today isn't the most appropriate place for us to consider these particular reforms.",1
918,I thought it was excessive then and the intervening years since then have done nothing to change my opinion.,1
573,"When I ask foster youth what policymakers could do to make child welfare better, they almost always say: You could have helped my mother and dad.",1
687," Mr. Chairman, there are three principal reforms that this amendment makes to current law: One is it states that new functions that the Department of Defense enters into, as far as having contract requirements, can be done by the private sector.",1
915,"We have talked about illegal justice reform, economics, unemployment, underemployment, incarceration, voting rights, felon disenfranchisement, and health disparities, and those are just a few of the issues that we have tackled this year.",1
320,"All of that excessive red tape places a huge burden on small and medium-sized businesses that create jobs in New Jersey, the State I represent, and across the Nation.",1
313,"That is important, but it is also important to build on the good work we have already done with the National Science Foundation--to really provide that equipment, those tools, those mentors, the training, and to take those lab discoveries--the basic R&D--and commercialize it.",3
166,With leadership comes responsibility.,1
756,"I am not sure I would have supported past farm bills, to tell you the truth, that were passed before I came here; but I support this one because the changes we have brought to the agriculture side and the nutrition side are very good.",3
194,We hear the concerns of so many families who have financial instability and uncertainty.,1
641,"This asks: Have you conducted or will you conduct rallies or exhibitions for or against any public policies, legislation, public officers, political candidates, or like kinds?",4
979,"Our amendment is a modest, bipartisan proposal that reins in the most outrageous government salaries by revising the cap to a set level of $230,700--or the salary of the Vice President of the United States.",1
954,"I am proud, as Mr.Clay indicated, to be an original cosponsor of the bill.",1
639,The Working Families Flexibility Act will allow small businesses to offer their workers a new benefit.,1
548,Women no longer have to share the cost of critical and potentially lifesaving preventive services such as mammograms and colonoscopies.,2
516,"This legislation is about making sure that the rising worker, whether they are brand-new in the marketplace or whether they are an entrepreneur, or a mom or a father out in the marketplace looking for a job, will find the ability to be successful.",3
970,This bipartisan legislation would restore the traditional 40-hour workweek and help employers and workers.,2
863,"This would allow large regional megabanks to escape basic rules related to capital, liquidity, and leverage established after the crisis.",4
766,"Mr. Speaker, there has been a lot of conversation lately about the opioid crisis, but we forget that it is linked to so many other issues--mental health access, poverty, communicable disease, joblessness, and the list goes on.",2
241,I hope our colleagues in the Senate will take a careful look at it and make substantial reforms before considering it further.,1
831,"Those are the reforms we made as Democrats here while the Democrats were in charge of the  Chamber in 2007, 2008, 2009, and 2010, and those are the investments we made.",3
229,"I rise today to recognize Baylor Regional Medical Center at Plano on their latest accolade, the 2013 Malcolm Baldrige National Quality Award, which is the Nation's highest Presidential honor for performance excellence through innovative practices and visionary leadership.",2
551,"In fact, he is interested, because I know him and know him well, in doing the things which are under the charge that we at the Rules Committee and that this House today, I believe, will give him, that he will well and faithfully discharge those duties that have been given to him as the chairman of this select committee.",4
856,"This not only puts businesses in serious and unnecessary risk, but also employees who may lose their jobs, as well as their health care.",4
1,I believe that supporting this legislation is a proper gesture that we can make here in this House and I am glad to support it.,2
561,He turned his prosperity--or his financial reward into great prosperity.,3
908,"That council brings about 17 agencies of government together to plan and to look at the impact of their programs, policies, initiatives that help, and to really plan how we can create an environment in our communities and in our country that supports wellness and supports prevention and supports good health, so that people can walk in their neighborhoods, so that they could have fresh fruit and vegetables in their neighborhoods and other things like that so we can deal with the  obesity problem, so we can deal with smoking cessation, and all the things that give to poor health and really increase the costs.",4
65,"Mr. Speaker, I will insert into the record a letter dated January 30, from the American Action Forum, which is an organization run by former CBO Director Douglas Holtz-Eakin--and I won't go into detail--but he basically wrote to express his complete support of H.R. 3581, the Budget and Accounting Transparency Act of 2014, for the very reasons that we have set forth here already.",1
510,"Mr. Speaker, I rise to commend the mayor of the city of Chicago for initiation of a new set of policies designed to help facilitate the re-entry of individuals with illegal records back into normal and productive life.",2
349,Surely Congress will respond.,1
913,"I thank the gentlewoman for yielding, and I also want to lend my voice to hers as I stand here before you to say that I was glad to vote for the legislation addressing opioid addiction today; sad that Republicans didn't support Democratic initiatives, but overall glad with the work that has been done on this this week.",1
624,President Obama announced one of the largest extraconstitutional power grabs ever by a Chief Executive.,2
51,This effort by Speaker Ryan and the Republican leadership to halt a fair and open debate in the People's House is outrageous.,3
841,"Finally, I believe the majority's effort to institute new whistleblower provisions would be overturned for the same reason that the U.S. Attorney General's Office said it would not defend an unconstitutional section of the Choice Act: it violates the  Appointments clause in the Constitution by allowing lower-level employees to have the final decisionmaking authority to decide whether an employee will be fired.",2
721,"Instead of a land buy, we must end the Comprehensive Everglades Restoration Plan.",2
868,I'm happy that we're going to have consensus on that today.,4
768,"Under current law, Federal employees can use official, taxpayer-funded time to perform union functions or to participate in union activities when they would otherwise be on official duty status.",1
82,What the gentleman from Arizona failed to acknowledge is that the system simply doesn't work--missing its target more than half the time.,2
193,"I always say, ""Show me your principles, show me your budget.""",2
775,I indicated that Vermont and Wyoming were States we exceeded in population.,3
14,"When these mothers start delivering those babies, and when we have all types of problems, it is not going to be a pleasant experience, so we need to do everything we can.",2
120,Is even the most cursory review of criminal immigrants to determine whether they are dangerous to Americans too much for these attorneys?,4
786,"The courts already possess and exercise their powers of remittitur to set aside excessive jury verdicts, and that is the appropriate solution rather than an arbitrary cap.",1
98,The exempt Americans are a combination of illegal immigrants and those with incomes too low to pay income tax.,1
799,The sole mission of the Principal Director of the Office of Detainee Policy is to end detainee operations at Guantanamo Bay.,1
1031,"If you want to propose something for the victims, you give them an opportunity to testify on the record--and they all opposed the bill to a one.",4
609,"I am, again, very happy to have been working closely with him on this legislation in a bipartisan fashion.",1
467,And it obviously was a potentially more dangerous enemy if it had weapons of mass destruction that could have been shared with jihadists.,2
753,"The agreement gradually removes the key barriers that prevent Iran from obtaining nuclear weapons capabilities, from growing its economi  influence in the Middle East, and from continuing its state funding of terrorist organizations that threaten the security of the country and the well-being of our allies.",4
205,"I think that you have identified a subject matter that is important for conversation before the American people as a result of this argument, that we have heard related to the need to pass unemployment benefits only if a pay-for, or an offset, or a host of programs on the GOP wish list is passed simultaneously to our trying to provide some measure of relief to unemployed Americans.",4
478,"Such widespread support sends a strong message to America's manufacturers, businesses, and employees, that Democrats are united in preserving an institution that for decades has helped this Nation create jobs and grow the economy and it makes clear that if those supportive Republicans were to join us, this Congress could pass an extension of the Export-Import Bank's charter today.",2
607,"With this legislation, we contribute money to solving some of our national debt.",1
439,You're in safe hands when you give your family's prosperity over to this financial institution.,1
534,"While the funding mechanisms are not perfect, we are moving in the right direction and putting our Nation back on the path to prosperity.",1
688,These statutory changes are important.,1
1037,"Although this bill went through regular order and enjoyed lively and meaningful discussion at the subcommittee and full committee levels, some misperceptions remain.",1
442,"While we will continue to maintain our front line priorities as best we can, no amount of planning can mitigate the negative effects of sequestration.",1
571,"To give you an example, after Irma, Roy Schneider Medical Center, the only hospital on the island of St. Thomas, was partially destroyed, its roof ripped off, its walls caved in, windows blown out.",3
311,"To encourage former VA employees who left VA service to gain relevant education or experience and then return to the VA, the bill would allow the VA to non-competitively reappoint a former employee to a position not more than one grade higher than their former position.",2
285,"It cuts funding for the Pell Grant program, as Representative Cicilline said, the core program, the core student financial aid program that came about as a result of the leadership of Senator Pell.",2
393,"I am very pleased that the authors of this resolution adopted the values of our bipartisan legislation introduced earlier this year with Mr. Steve Chabot, and like the Crimea Annexation Non-recognition Act, which is H. Res. 726, formerly and utterly rejects Russian sovereignty over Crimea and calls on our allies to do the same.",3
62,It is our ability to produce the technology that America needs in order to make our people competitive and to produce the wealth that is necessary for a decent standard of living that has made America the great country that it is.,4
859,"My father studied theology at Morris in the early 1940s for 3 years, but was not allowed to end his studies because he had not graduated high school.",2
682,"Mr. Chairman, nothing is more important to the future of this Nation than the success of our children, and right now Federal education law isn't helping students gain the skills and knowledge they need.",1
210,"So, if there are specific concerns that you have about the federal management in this region, I believe the sponsor should work with the authorizing committee to make sure that they are addressed and not use the appropriations process to wall off a section of the country from partnering with the Federal Government to maintain its historical and cultural natural resources.",3
745,I yield to the gentleman from Texas for the respond.,4
1034,"Now, I know you don't care about 4,000 Federal employees, that's fine.",1
180,"Again, for the mom who's sitting at that kitchen table.",1
559,So Tom Osborne then got up and talked about Joe Paterno and his respect for him.,1
525,There are now widespread fears that opposition to the extension of Kabila's rule will spark demonstrations that will be met by violence by a government determined to preserve its hold on power.,3
792,"I spoke some Russian back in those days, and they spoke better English than I did Russian.",4
938,He put the duty on President Obama.,2
569,"The President-elect has spoke about getting rid of DACA early on, perhaps on the first day in office.",4
359,"The rest of the barriers throughout history, including the Great Wall of China, were built to keep people out.",1
838,"Whether they have a father with Alzheimer's or a mom with Parkinson's disease or a child with autism, these caregivers provide approximately 80 percent of the long-term care for the chronically ill.",2
951,"He then goes about building the more modern transportation systems that we need, expanding our highway program, but also the rail systems, the inner city rail, the inter-city rails, and the street cars and other types of mass transportation systems; very, very important",1
572,"At issue are two solemn and deeply-rooted values: one, the right of Indian tribes to possess as distinct independent political communities retaining their original rights in matters of local self-government; and, two, the rights of workers to organize, bargain collectively, and engage in concerted activities for their mutual aid and protection.",2
415,Simply throwing more money at this issue without these changes is like giving the VA more money without demanding better care for our veterans.,3
342,Individuals who are granted DACA 2012 receive a two-year period in deferred action and also profit eligibility to apply for employment authorization.,3
518,The Violence Against Women Act gave women a better chance to live their lives without that fear.,1
85,It is important that ORR operate transparently given its role in re-settling thousands of criminal aliens who crossed our southern border last summer.,2
645,"And let's let this generational defining moment be defined by optimism, not by terror;  by the rising aspirations of our people and not the doom and gloom of managed decline that we have become too familiar with.",1
500,"I really appreciate the gentleman's attention to this issue and will continue to work with HUD to address any excessive, unwarranted overpayments for assistance to our most vulnerable citizens.",1
874,"When I talked, I talked about the minority's right for a motion to recommit, which indeed we do have; but in this particular instance, it is the minority's right to offer up the previous question, and that is what we are proceeding under.",2
469,"It doesn't begin here, it begins at home, but it is a sincere responsibility, and it is one that we want to do better at every day.",4
930,"This key aspect of our bill removes the punitive barriers of the current worldwide system and allows companies to reinvest their overseas profits in America, without fear of getting hit with an outrageous tax burden.",1
640,"We are not going to allow $100 billion to $150 billion to go to you while you continue to say ""death to America''; you continue to have ballistic missile tests, you continue to have joint operations, in violation of our deal, with Russia and Syria, you continue in open violation of international travel bans, you continue to attack us or have cyber attacks from your country, and you continue to stir up violence against the United States.",4
739,"This amount, which includes not only monetary savings, but also lives saved and injuries prevented, is more than 25 times the net benefits through the third fiscal year of the previous administration, and these are important points that I believe my friends on the other side of the aisle like to omit from their analysis.",2
154,"It targets the shipping and financial sectors and also targets those in China and Russia and elsewhere, who gain from using North Korean slave labor.",1
290,Let's recognize the change and make a change.,2
793,It is a basic principle.,1
1017,"Harrisburg is empowered to deal with this issue today, and the gentleman from Pennsylvania would be best served in spending time with his Governor, the State regulators, and the State legislature to address the very issues for which he is trying to do this finish run in coming to Congress to spend our time here, debating.",4
375,"Obviously, it was presented as, ""it's possibly, possibly, maybe a future problem for American oil companies if the Mexicans change their law.""",2
131,"Unfortunately, all too often, instead of helping small business, Washington serves as a roadblock to its growth by piling on outrageous regulations and imposing burdensome, complex Tax Code on the job creators.",1
944,"So with that skewed and, if I might use the term, weird reasoning, we are left holding the bag and the door is open to the types of laws, such as voter ID laws, that spread across America like a contagious disease because we did not have the protection of section 5, which the idea of section 5 was a preclearance for men and women of goodwill to look and determine whether or not a procedure was going to block individuals from voting.",3
60,"The monetary cliff was approached, and we went over it.",3
416,I am happy to say that language reported from the Energy and Commerce Committee reflects several reforms sought by Democratic members of the committee.,3
665,"Reclaiming my time, Mr. Chairman, I would ask my colleague if he knows how much mining taxes contribute to the State of Minnesota.",2
204,"The fundamental division here is whether we guarantee that funds will be available for the people I just described, or whether we do not.",4
135,"In fact, numerous studies have underscored that using some types of forest biomass, particularly slow-growing trees, can actually increase atmospheric carbon for many decades.",1
95,We must recognize that this bloodshed will not stop.,1
94,"And to respond, and I will riff a little, the cost is minimal in terms of the medical costs.",2
656,Let's not forget that in this discussion.,1
750,"`As long as the Obama administration is more concerned with keeping groups like Al-Marayati's glad with them instead of investigating actual terrorism, we will never have a sane counter-terror policy.'",3
590,"And again, our former Ambassador yesterday said: This is a long war, and Nigeria needs to understand, and everyone who supports Nigeria, that it is not going to just finish with one fell swoop.",2
637,"Instead of deregulating for-gain colleges, we should be working to ensure that these institutions are fulfilling their obligations to their students.",1
1021,Lisa from my West Chester office announced that she also believes it is a great initiative.,1
162,"As I announced, the cosponsors of this legislation have struck a very sound balance between the interests of the homeowner associations and amateur radio operators.",1
816,"In the war on terror, it is crystal clear Pakistan is not on America's side.",1
662,"Mr. Chairman, it is time we close this loophole that enables excessive payouts to groups that have made a business of suing the Federal Government.",3
506," Thank you so much, Mr. Blumenauer, for leading this conversation about such an important topic.",1
53,I would also like to acknowledge the work of our Senate partners: Lamar Alexander and Dianne Feinstein.,1
461,"Children with lead poisoning are seven times more likely to drop out of school, more likely to engage in risk-taking behaviors, and more likely to engage in criminal activity.",1
248,"The President's budget undermines and cuts the crucial investments we have made in our cities and our neighborhoods, neighborhoods that we all come from, neighborhoods where we all acknowledge the importance of these communities.",2
178,"And though this discussion was not intended for public consumption, the President's comments were clearly deliberate.",2
976,Social Security is unique because it is paid for through a dedicated tax on workers who will receive future benefits.,2
553,It is for those who found the Solyndra default to be excessive.,2
58,Some people have asked a question that I don't have a really good answer for.,3
1004,Such conditions can frequently lead or at least give to unnecessary violence.,1
141,"Mr. Chair, the issue here is: do you want to fix the possible problems with the Authorization for Use of Military Force back in 2001 when all of the cosponsors were not even here, and possibly the NDAA?",4
805,The cost of these types of health disparities is simply too high.,1
429,Many businesses of all types and sizes in our country use derivatives to manage the risks they face within their daily operations.,2
21,The reason we need this bill is to help make some of those bipartisan changes to the infrastructure program that just don't make sense.,2
738,"Over the last 25 years, I and a small band of ""just refuse to go along and get along'' types here in Congress have engaged in a constant fight to maintain the intellectual property of American inventors.",2
943,"Central Texas College may be the largest community college in the United States, potentially the world; and it consistently has students of 75,000-plus every year.",1
1008,All of us may never see eye to eye on what types of research should be supported by the Federal Government.,2
382,But this rule goes so against the values of how we are supposed to debate the Armed Services bill--and I've been privileged to be on that committee for 16 years--that I have to speak against this rule.,3
932,It is like trying  to send an army into battle and not giving them the weapons to do it or  creating all these walls to completion.,4
233,"Official Committee Website (a) The Chairman shall maintain an official website on behalf of the Committee for the purpose of furthering the Committee's legislative and oversight responsibilities, including communicating information about the Committee's activities to Committee Members and other Members of the House.",2
398,"Mr. Speaker, yesterday, President Obama indicated that the United States, along with our P5+1 negotiating partners, had reached a deal with Iran. A deal that if fully implemented, will prevent Iran from obtaining a nuclear weapon.",1
586,The reforms that we're proposing today cut only 4 percent over the next 10  years.,3
126,"Belarus remains mired in its worst monetary crisis since independence, which has put Lukashenko under increasing pressure.",1
61,"Mr. Chairman, I am glad to yield 3 minutes to the gentleman from Michigan, Mr. Walberg, the chairman of the Subcommittee on Workforce Protections.",2
219,"Thus, the promotion of religious liberty is not an isolated human rights concern, but a fundamental component of our national security.",1
806,"Is it proper to offer an amendment at this time or at some future time on the underlying bill that would preclude Members of  Congress who receive financial benefits, payments, or subsidies from the underlying legislation from voting on this bill from which they directly gain financially?",3
495,"Our guest chaplain today has been the pastor of Bible Baptist Church in Wichita Falls, Texas, for the past 20 years, but his ministry and passion for spreading the word of God has never been confined to the barriers of any church building.",1
883,They don't want to acknowledge our Constitution; they want it supplanted and replaced with Sharia law.,3
220,"On March 27, 1919, Theodore Roosevelt sent a telegram to Mr. William Marshall Bullitt of Louisville, Kentucky, and many more respected military wartime veteran leaders across the country which announced, ""A conference will be held at St. Louis about May 1 for the purpose of organizing an association composed of those who have been in the land and naval forces of the United States in this war.""",2
897,"Certainly, the whole discussion here makes it very clear that American families--American families--are being disrupted, separated day after day.",3
481,And then we asked the FCC to implement the kinds of reforms that we implemented in this very House to avoid abuses that had taken place in the past.,2
712,Dear Chairman Bachus: The 1 million members of the National Association of REALTORS' supports a temporary extension of National Flood Insurance Program (NFIP) authority to enable the Senate to finish work on its long-term reauthorization and reform measure (S. 1940).,1
663,"Mr. Speaker, the House will consider a number of suspensions next week, a complete list of which will be announced by close of business today.",3
801,"This is simply far too short a period of time to properly get to know the staff at the centers and the needs of the location, let alone implement new reforms.",2
110,"This bill brings together government agencies, including the national labs, the energy and manufacturing industries, unions, schools, community colleges and universities, among others, and promotes cooperation and collaboration to ensure that we are tapping into a wealth of underutilized talent, and are training and preparing workers for the energy and manufacturing jobs of the present and also of the future.",4
681,"Let's heed the call of the fasters, of those who pray passionately for comprehensive immigration reform.",1
566,"Second, the resolution violates separation of powers values by inappropriately having courts address political questions that are left to the other branches to decided.",4
986,"Why are we richer than ever before, but unable to invest in basic priorities?",1
698,"Mr. Speaker, the Historically Black Colleges and Universities Preservation Program exists to preserve, and stabilize historic structures on HBCU campuses through projects such as structural stabilization, masonry repair, replacement of antiquated electrical and  plumbing systems, abating environmental hazards such as asbestos,  ameliorating termite damage, and replacing leaking roofs.",4
507,"The next morning, his mom and I found him dead in his room.",1
24,"At the finish of the day, if we take away this DACA status from these young Americans, we are going to have a potentially close to $500 billion adverse economic impact.",4
865,"I terror spreading misinformation and wasting resources, arresting two-thirds of a million people for something that most Americans now think should be legal, undermines what could be an effective approach.",4
473,"It is going to somewhere, to somebody in Nigeria, and the people of Nigeria need to begin to enjoy some of the wealth with which their land has been blessed, and I hope we see that in our lifetime as well.",4
360,"People take duty, but there's no accountability, and no heads really roll.",2
921,LLCs and other types of pass-throughs make up 95 percent of all the businesses in the country.,1
672,"If a contractor fails to preserve high standards of integrity and business ethics, agencies already have the authority to suspend or debar the employer from government contracting.",1
648,He wanted to give me a ticket for my sign.,1
368,I don't know whether the gentleman wants to respond at all.,2
451,"Protecting the nation's border--land, air, and sea--from illegal entry of people, weapons, drugs, and contraband is vital to our homeland security, as well as economic prosperity.",2
722,"Instead, under the leadership of Mr. Levin and Mr. Rangel, we had the May 10 agreement with the basic principles of how we should engage other countries.",3
862,"I would like to point out something that is not getting enough attention, as the media seems to be driven over issues like charge of  misdemeanor assault on a reporter, or a Russian connection, these kind of things.",4
345,That is our duty in the U.S. House of Representatives.,1
347,"First, let me just say, Mr. Hoyer, our Whip, spoke about the 50th anniversary this year of President Johnson's War on Poverty.",1
945,"In fact, in Iowa, I think they just indicated 94 in 99 counties, people there won't even have an insurance product they can try to purchase on the exchange.",4
778,"But to have this debate today and to say that you can't possibly do this because it is driven, it is a Republican agenda, because it is a war on women, if anything, this is a war for women.",3
304,"We know that liberty and freedom are not free, but it is important to be able to acknowledge these horrible and excessive and heinous acts.",2
1019,"That may be an unintended consequence, but it is a serious one that could affect our Nation's monetary markets, health, and safety.",1
705,"Placing the tax on the revenue side makes it much more costly for small device makers to pay for it because many of  them have high revenue levels, but much smaller profit margins.",1
969,"In most Federal prisons, there are only one or two officers on responsibility in a cell block, meaning officers are guarding nearly 130 prisoners with virtually nothing to protect themselves.",4
187,"Joe Paterno and his wife, Sue, and their five children indicated a contribution of $3.5 million to the university in 1998, bringing Paterno's lifetime giving total to more than $4 million.",4
781,"We all hope for two states, living side by side peacefully, with families secure, that they can raise their children in a future that will bring peace and wealth and tranquillity in a troubled neighborhood of the world.",2
811,"Mr. Speaker, I want to answer to my colleague from Colorado who has raised some concerns about the issue of hydraulic fracturing.",1
52,"But the leap from saying that most undocumented women are vulnerable to assault and saying most undocumented men are rapists is, as he might say himself, huge.",1
1002,"Yes, Mr. Speaker, it is now illegal in the United States to kneel and pray in front of the White House for the restoration of religious freedom.",1
273,"So let's end our job, Mr. Speaker, and commit to making this the year we make permanent the Federal conservation easement tax incentive.",3
164,"As such, EPA needs the ability to look into illegal activity, whether it is illegal dumping of waste, negligent dumping of toxics or oil, and the illegal importation of products from other countries by those who would choose to ignore U.S. law.",4
97,"When her husband, Paul Galanti, was shot down and taken as a prisoner of war in North Vietnam in June 1966, Phyllis did not respond with terror but, instead, became a tireless advocate for American POWs around the world.",1
369,I rise today to acknowledge National Rural Health Day.,2
981,"I particularly want to say to my friends Mr. Grimm and Mr. King of New York, and I've seen several times that they've sat and worked together collectively with our Governor, whom I also want to  give a special thank-you to, Governor Mario Cuomo, and Governor Chris Christie from New Jersey, for working cooperatively, not as a Democrat  or a Republican, but working as an elected official to come together to the aid of people who need aid, aid from a terrible storm.",3
749,"So I say to my fellow Democrats, if cutting SNAP or other programs that help poor people is the price of admission to get anything done, any piece of major legislation passed, then we have strayed very, very far from our values.",2
447,"Mr. Chairman, again, I would say that, based on the direction from the CNO and his directives of how the Navy is looking to reorganize itself to make sure that it has the ability to maintain maritime superiority--this came out just 5 months ago--to me, it makes perfect sense for us to be able to do that.",3
817,"On the last night we were in Israel, one of the last nights, as we finished dinner at a restaurant on the Sea of Galilee, the owner of the restaurant took the microphone and announced that Members of the American Congress were here to stop this bad Iran deal.",2
404,"I find it very, very upsetting that this vote will, of course, be overwhelmingly in support of correcting the civil liberties of Syria and making Iran toe the line and contribute up on something that they're permitted to do.",3
456,We can't contribute in.,4
34,"Of the 92 victims of that attack on that day, 23 were children.",1
511,"Frances Willard earned her place in history by pioneering the temperance movement, breaking barriers in the field of education and leading the movement to obtain women's right to vote.",1
160,It enhances sexual attack prevention for male victims.,1
526,"Thank you for joining the conversation at #CBCTalks, and we are going to continue this conversation because 46 million people in our country live in poverty; 16 million of them are children.",2
494,I believe as soon as we realize Latinos yearn to share the same American values and aspirations as so many descendants of other immigrant groups--of Italian Americans and Irish Americans and German Americans and Asian Americans and all Americans--certainly America will thrive.,1
458,"The number one part for the Republican plan is transfer trillions of dollars of wealth from middle class America to the wealthiest in the country who don't need it; number two, explode the deficit, because there is no way to pay for this unless you cut a bunch of stuff; and then, number three, cut more.",2
48,"Mr. Speaker, there are fundamental problems with flood insurance.",1
962,"Apologists for Iran say that they just need to say these kinds of things, as well as maintain a limited nuclear stockpile, in order to save face and preserve their national pride.",4
601,This abdication of responsibility has not been seen since the Harding Administration.,3
261,"Mr. Speaker, the assault on our embassy in Benghazi was a tragic reminder of the security environment in which many of our diplomats serve.",2
517,"Chairman Walden announced that, while he does understand that the program is scheduled to run through September 30, that the analysis from the nonpartisan Medicaid and CHIP Payment and Access Commission shows that States have enough funds remaining in their accounts through the end of this year.",3
459,"There are far too many illegal laws, the number of which we don't know exactly, but which allow a violation of a regulation to be a crime, which allows the full power of the Federal Government to go after individuals.",3
903,"On Tuesday, Kansans from all across the Sunflower State wished him a glad 91st birthday.",2
521,"There are six important changes included in this bill: It improves NFIP's financial stability; it will reduce the burden on taxpayers; it restores integrity to the FEMA mapping system; it will help bring certainty to the housing market through a 5-year reauthorization; and last, it explores ways to increase private market participation.",2
809,"In 2008, in one specific case in Georgia, that of a farmer who did not want to mention his name for terror of retribution, his costs alone in legal fees were $525,000.",3
618,"If you turn that into a high-performing school, you'll add more value than anything else you could potentially do.",2
173,"God bless my mom, who is still alive.",1
660,"Mr. Speaker, I stand here today to advance the conversation surrounding the complete tax reform.",1
552,The addition of this language is important because we do not want to create the impression that Congress values expediency and cost-cutting over fairness.,1
1013,We are supposed to be the ones who are embodying and leading in those principles that we hold dear.,4
444,"Secondly, the bill seeks to enhance cooperation among financial institutions, also regulatory authorities and law enforcement, by expanding the range of counter-illicit financing information shared with financial institutions for the sole purpose of allowing such financial institutions to identify and report specified illicit activity.",2
878,"A duty to maintain all the documents, particularly in light of the fact the central figure has taken the Fifth.",4
615,"It says to the people who help us draft legislation, who answer the phones in our offices, and who respond to constituent mail, who help a veteran get his benefits or a high school student apply to the military academies that, unlike every other Federal employee, their employer will not contribute a share toward their health insurance.",3
632,I believe the greatest opportunity we have here is to include efforts to move our Nation toward a greener economy as part of a complete infrastructure bill.,2